marker,chr,pos,lod
D1Mit296,1,3.3,0.409813526488165
c1.loc1,1,4.3,0.423419697389249
c1.loc2,1,5.3,0.435949348855104
c1.loc3,1,6.3,0.447111625281934
c1.loc4,1,7.3,0.456633258324985
c1.loc5,1,8.3,0.464253689591885
c1.loc6,1,9.3,0.469761768688386
c1.loc7,1,10.3,0.472993257142832
c1.loc8,1,11.3,0.473842624349118
c1.loc9,1,12.3,0.472269112903916
c1.loc10,1,13.3,0.468299907185383
c1.loc11,1,14.3,0.46203025755625
c1.loc12,1,15.3,0.453617075779732
c1.loc13,1,16.3,0.443287255586029
c1.loc14,1,17.3,0.431301451459262
c1.loc15,1,18.3,0.417960931693642
c1.loc16,1,19.3,0.403584789750141
D1Mit123,1,19.7000000001,0.39761731053045
c1.loc17,1,20.3,0.448597757171171
c1.loc18,1,21.3,0.540657223480878
c1.loc19,1,22.3,0.640469949807482
c1.loc20,1,23.3,0.746322096610413
c1.loc21,1,24.3,0.856154478818269
c1.loc22,1,25.3,0.967756764031947
c1.loc23,1,26.3,1.07897385304113
c1.loc24,1,27.3,1.18785742977997
c1.loc25,1,28.3,1.2927628201586
c1.loc26,1,29.3,1.3923776355785
c1.loc27,1,30.3,1.48571891251402
c1.loc28,1,31.3,1.57210168118769
c1.loc29,1,32.3,1.65109991091555
D1Mit156,1,32.8000000002,1.68775775340202
c1.loc30,1,33.3,1.69960770716455
c1.loc31,1,34.3,1.68801862124803
D1Mit178,1,35.0000000003,1.65463371433322
c1.loc32,1,35.3,1.84544669292461
c1.loc33,1,36.3,2.45831346637306
D1Mit19,1,37.2000000004,2.94038233455683
c1.loc34,1,37.3,2.94704822972352
c1.loc35,1,38.3,3.00776879783007
c1.loc36,1,39.3,3.05803333134611
c1.loc37,1,40.3,3.09825293911257
c1.loc38,1,41.3,3.12868644222198
D1Mit7,1,41.5000000005,3.13360843603863
c1.loc39,1,42.3,3.23104824917749
c1.loc40,1,43.3,3.31693239986311
D1Mit46,1,43.7000000006,3.34143955808901
D1Mit132,1,43.7000000007,3.34143955948326
c1.loc41,1,44.3,3.3859305289111
c1.loc42,1,45.3,3.44565018722017
c1.loc43,1,46.3,3.48851105864617
c1.loc44,1,47.3,3.51544260382423
c1.loc45,1,48.3,3.52692003145876
D1Mit334,1,49.2000000008,3.52408764334979
c1.loc46,1,49.3,3.50854796734268
c1.loc47,1,50.3,3.32931906289383
c1.loc48,1,51.3,3.10479726921142
c1.loc49,1,52.3,2.8313651190586
c1.loc50,1,53.3,2.50653269466864
c1.loc51,1,54.3,2.13581197885725
D1Mit305,1,54.6000000009,2.01879200895559
c1.loc52,1,55.3,2.07313313205827
c1.loc53,1,56.3,2.1396060823696
c1.loc54,1,57.3,2.1923384704964
c1.loc55,1,58.3,2.23120481868108
c1.loc56,1,59.3,2.25643282046542
c1.loc57,1,60.3,2.26842715057677
c1.loc58,1,61.3,2.26767762510508
c1.loc59,1,62.3,2.25472776500106
c1.loc60,1,63.3,2.2301843800538
c1.loc61,1,64.3,2.19475565172615
D1Mit26,1,64.500000001,2.18643639286296
c1.loc62,1,65.3,2.55688187910511
c1.loc63,1,66.3,2.8920282018384
c1.loc64,1,67.3,3.12518140977664
D1Mit94,1,67.8000000011,3.21190391871352
c1.loc65,1,68.3,3.19480424647486
c1.loc66,1,69.3,3.08633638959611
D1Mit218,1,69.9000000012,2.97523079169025
c1.loc67,1,70.3,3.05710441903773
c1.loc68,1,71.3,3.2090108906358
c1.loc69,1,72.3,3.28500851991669
c1.loc70,1,73.3,3.28913427661433
c1.loc71,1,74.3,3.22750606968708
D1Mit100,1,74.3000000013,3.22750606956731
c1.loc72,1,75.3,3.25565659246871
D1Mit102,1,75.4000000014,3.25799260981745
c1.loc73,1,76.3,3.39350356194092
c1.loc74,1,77.3,3.47584270579927
c1.loc75,1,78.3,3.48861141020922
c1.loc76,1,79.3,3.4367666734201
c1.loc77,1,80.3,3.32642631362967
c1.loc78,1,81.3,3.16532960255591
D1Mit14,1,82.0000000015,3.02780217518892
D1Mit105,1,82.0000000016,3.02780216930762
D1Mit159,1,82.0000000017,3.0278024613566
D1Mit267,1,82.0000000018,3.02780245951175
c1.loc79,1,82.3,2.95939853964347
c1.loc80,1,83.3,2.69177372338277
c1.loc81,1,84.3,2.36341917430553
c1.loc82,1,85.3,1.98178649470958
c1.loc83,1,86.3,1.57233968803575
D1Mit15,1,86.3000000019,1.57233968725927
c1.loc84,1,87.3,1.54859320126587
c1.loc85,1,88.3,1.52198465603504
c1.loc86,1,89.3,1.49219717649163
c1.loc87,1,90.3,1.45886541342685
c1.loc88,1,91.3,1.42157468274019
c1.loc89,1,92.3,1.37986984110785
c1.loc90,1,93.3,1.33328816968873
D1Mit456,1,94.000000002,1.29756124729687
c1.loc91,1,94.3,1.28905980635443
c1.loc92,1,95.3,1.25848245981166
c1.loc93,1,96.3,1.22449179521664
c1.loc94,1,97.3,1.18716903333575
c1.loc95,1,98.3,1.14664554068031
c1.loc96,1,99.3,1.10309819968842
c1.loc97,1,100.3,1.05675397178652
c1.loc98,1,101.3,1.007886873963
c1.loc99,1,102.3,0.956817761688171
c1.loc100,1,103.3,0.903912722262532
c1.loc101,1,104.3,0.849580099854165
c1.loc102,1,105.3,0.794265600411904
c1.loc103,1,106.3,0.738445002790627
c1.loc104,1,107.3,0.682614200586102
c1.loc105,1,108.3,0.627276624772946
c1.loc106,1,109.3,0.5729285243699
c1.loc107,1,110.3,0.520043041045312
c1.loc108,1,111.3,0.469054395560818
c1.loc109,1,112.3,0.420341108209584
c1.loc110,1,113.3,0.37422658182436
c1.loc111,1,114.3,0.33095155255171
c1.loc112,1,115.3,0.290687723356768
D1Mit155,1,115.8000000021,0.271718784184259
D2Mit359,2,7.7,0.23401215665416
c2.loc1,2,8.7,0.273851518129561
c2.loc2,2,9.7,0.315555640391665
c2.loc3,2,10.7,0.35771901592824
c2.loc4,2,11.7,0.398753041638258
c2.loc5,2,12.7,0.43712609388524
c2.loc6,2,13.7,0.471522004451742
c2.loc7,2,14.7,0.500965193234435
c2.loc8,2,15.7,0.524871757901394
c2.loc9,2,16.7,0.543042077054395
D2Mit82,2,17.5000000001,0.553536145310545
c2.loc10,2,17.7,0.56038212608911
c2.loc11,2,18.7,0.594324293626244
c2.loc12,2,19.7,0.627447850155647
c2.loc13,2,20.7,0.659301956325123
c2.loc14,2,21.7,0.689458738255439
c2.loc15,2,22.7,0.717540483382436
c2.loc16,2,23.7,0.743226018382302
c2.loc17,2,24.7,0.766259856618035
c2.loc18,2,25.7,0.786454406452492
c2.loc19,2,26.7,0.803696090569815
c2.loc20,2,27.7,0.817932928618347
c2.loc21,2,28.7,0.829177830443371
D2Mit241,2,29.5000000002,0.836065032190504
c2.loc22,2,29.7,0.846781069285157
c2.loc23,2,30.7,0.900787725027271
c2.loc24,2,31.7,0.954976249157255
c2.loc25,2,32.7,1.00855946450099
c2.loc26,2,33.7,1.06070202682224
c2.loc27,2,34.7,1.11055672691009
c2.loc28,2,35.7,1.15730239428609
c2.loc29,2,36.7,1.2001783819905
c2.loc30,2,37.7,1.23850143144404
c2.loc31,2,38.7,1.27169387771551
c2.loc32,2,39.7,1.29928701457169
c2.loc33,2,40.7,1.32092817782052
c2.loc34,2,41.7,1.33638265999497
c2.loc35,2,42.7,1.34554112269728
c2.loc36,2,43.7,1.34841454738699
c2.loc37,2,44.7,1.34514462081813
c2.loc38,2,45.7,1.33600651848866
c2.loc39,2,46.7,1.32141107360155
c2.loc40,2,47.7,1.30190186596104
c2.loc41,2,48.7,1.27814047988119
D2Mit14,2,49.2000000003,1.26489822952959
c2.loc42,2,49.7,1.35398976780192
c2.loc43,2,50.7,1.50495357851963
c2.loc44,2,51.7,1.59591749119744
c2.loc45,2,52.7,1.61023161198477
c2.loc46,2,53.7,1.54894069082167
D2Mit62,2,54.6000000004,1.44358974777498
c2.loc47,2,54.7,1.44676459419634
c2.loc48,2,55.7,1.47442932432688
c2.loc49,2,56.7,1.49370740193632
c2.loc50,2,57.7,1.50341137955337
c2.loc51,2,58.7,1.5026429587075
c2.loc52,2,59.7,1.49082931587617
c2.loc53,2,60.7,1.46775018122577
c2.loc54,2,61.7,1.43356025579681
c2.loc55,2,62.7,1.38881309165203
c2.loc56,2,63.7,1.33447890344735
c2.loc57,2,64.7,1.27193976498808
c2.loc58,2,65.7,1.20294357102148
c2.loc59,2,66.7,1.12949302205016
D2Mit280,2,66.7000000005,1.12949302201241
c2.loc60,2,67.7,1.02650097063383
c2.loc61,2,68.7,0.922951449405502
c2.loc62,2,69.7,0.819644557449806
c2.loc63,2,70.7,0.717516047186166
c2.loc64,2,71.7,0.617632661478751
c2.loc65,2,72.7,0.521188615431583
c2.loc66,2,73.7,0.429477301218355
c2.loc67,2,74.7,0.343848270340743
c2.loc68,2,75.7,0.265642889635615
c2.loc69,2,76.7,0.196105568609028
c2.loc70,2,77.7,0.136322256267079
c2.loc71,2,78.7,0.0870889345565047
c2.loc72,2,79.7,0.0488829906872752
c2.loc73,2,80.7,0.0218240758306365
c2.loc74,2,81.7,0.00571150939094878
c2.loc75,2,82.7,0.0000253290135105999
c2.loc76,2,83.7,0.00403525754580869
c2.loc77,2,84.7,0.0168582991230437
D2Mit229,2,85.2000000006,0.0262744564798254
c2.loc78,2,85.7,0.0273518916952753
c2.loc79,2,86.7,0.0295487230136473
c2.loc80,2,87.7,0.0317825194422312
c2.loc81,2,88.7,0.034027964345114
c2.loc82,2,89.7,0.0362576057736419
c2.loc83,2,90.7,0.0384486232476888
c2.loc84,2,91.7,0.0405619575539049
c2.loc85,2,92.7,0.0425744986077916
c2.loc86,2,93.7,0.0444611656515121
c2.loc87,2,94.7,0.0462004020187692
c2.loc88,2,95.7,0.0477749930211075
c2.loc89,2,96.7,0.0491692991945456
c2.loc90,2,97.7,0.0503839196365448
D2Mit266,2,98.4000000007,0.0511228685666651
D3Mit164,3,2.2,0.0325534556280331
c3.loc1,3,3.2,0.0146721593237658
c3.loc2,3,4.2,0.0031781485830038
c3.loc3,3,5.2,0.000181638017295427
c3.loc4,3,6.2,0.00770719021534205
c3.loc5,3,7.2,0.0273225539313557
c3.loc6,3,8.2,0.0596074810543996
c3.loc7,3,9.2,0.103830317709765
c3.loc8,3,10.2,0.15795707188164
c3.loc9,3,11.2,0.219014656913998
c3.loc10,3,12.2,0.283700393990159
c3.loc11,3,13.2,0.348935369116248
c3.loc12,3,14.2,0.412204383567143
c3.loc13,3,15.2,0.471695662539901
c3.loc14,3,16.2,0.526243590399474
c3.loc15,3,17.2,0.575256220623942
D3Mit6,3,17.5000000001,0.588847844156021
c3.loc16,3,18.2,0.600774337103189
c3.loc17,3,19.2,0.617700110928013
c3.loc18,3,20.2,0.634392308655663
c3.loc19,3,21.2,0.650732536825387
c3.loc20,3,22.2,0.666597162850735
c3.loc21,3,23.2,0.681860183683227
c3.loc22,3,24.2,0.696394731737769
c3.loc23,3,25.2,0.710075330348445
c3.loc24,3,26.2,0.722780117094487
c3.loc25,3,27.2,0.734393100439263
c3.loc26,3,28.2,0.744806416080394
c3.loc27,3,29.2,0.753922555391398
c3.loc28,3,30.2,0.761656540003173
c3.loc29,3,31.2,0.767938011723174
c3.loc30,3,32.2,0.772713194723281
c3.loc31,3,33.2,0.775946667661572
c3.loc32,3,34.2,0.777622859481482
c3.loc33,3,35.2,0.777747158584759
c3.loc34,3,36.2,0.776346507786798
c3.loc35,3,37.2,0.773469355567954
D3Mit11,3,37.2000000002,0.773469355567158
c3.loc36,3,38.2,0.543883296572631
c3.loc37,3,39.2,0.336450433851155
c3.loc38,3,40.2,0.166797064436707
c3.loc39,3,41.2,0.0513874932727276
c3.loc40,3,42.2,0.00175468465840822
c3.loc41,3,43.2,0.0190589209071277
c3.loc42,3,44.2,0.0943298205802421
D3Mit14,3,44.8000000003,0.161585968729753
c3.loc43,3,45.2,0.159432400894616
c3.loc44,3,46.2,0.153992926650346
c3.loc45,3,47.2,0.148487467023756
c3.loc46,3,48.2,0.142926809961352
c3.loc47,3,49.2,0.13732821005658
c3.loc48,3,50.2,0.131707935612894
c3.loc49,3,51.2,0.126082801209009
c3.loc50,3,52.2,0.120469981217354
c3.loc51,3,53.2,0.114886807970493
c3.loc52,3,54.2,0.109350559188726
c3.loc53,3,55.2,0.10387824002737
c3.loc54,3,56.2,0.0984839333409013
c3.loc55,3,57.2,0.093188835621504
D3Mit44,3,57.9000000004,0.0895475587906844
c3.loc56,3,58.2,0.0868493787892248
c3.loc57,3,59.2,0.0774887318320339
c3.loc58,3,60.2,0.0677187837302995
c3.loc59,3,61.2,0.0577982714848417
c3.loc60,3,62.2,0.0480192450767163
c3.loc61,3,63.2,0.0386832124560783
c3.loc62,3,64.2,0.0300653863256457
c3.loc63,3,65.2,0.0224095671661075
c3.loc64,3,66.2,0.0158664701726252
D3Mit19,3,66.7000000005,0.0130403524382814
D4Mit149,4,0,2.09932784354453
c4.loc1,4,1,2.35380174277367
c4.loc2,4,2,2.61739000953781
c4.loc3,4,3,2.88600852309264
c4.loc4,4,4,3.15564241437653
c4.loc5,4,5,3.42267217089778
c4.loc6,4,6,3.68404352031689
c4.loc7,4,7,3.93729516678019
c4.loc8,4,8,4.18049484768221
c4.loc9,4,9,4.41213258820773
c4.loc10,4,10,4.63100360278236
c4.loc11,4,11,4.83609683441188
c4.loc12,4,12,5.02649450223498
c4.loc13,4,13,5.20128099971004
c4.loc14,4,14,5.35946100199652
D4Mit41,4,14.2000000001,5.38900658349763
c4.loc15,4,15,5.52123017753587
c4.loc16,4,16,5.53412609828655
D4Mit108,4,16.4000000002,5.4956376891958
c4.loc17,4,17,6.55994531998073
D4Mit237,4,17.5000000003,6.55543528194147
c4.loc18,4,18,6.53298913072416
D4Mit286,4,18.6000000004,6.50458031638925
c4.loc19,4,19,6.56182600523221
c4.loc20,4,20,6.67567273122035
c4.loc21,4,21,6.75369981697418
D4Mit214,4,21.9000000005,6.79685289727269
c4.loc22,4,22,6.74610023343456
c4.loc23,4,23,5.84244112020599
D4Mit53,4,23.0000000006,5.84244111913023
D4Mit89,4,23.0000000007,5.84244111912955
c4.loc24,4,24,6.1785592327455
c4.loc25,4,25,6.24525819405699
D4Mit111,4,25.1000000008,6.23411860987591
c4.loc26,4,26,6.26931042260702
c4.loc27,4,27,6.298309763276
c4.loc28,4,28,6.31848303717584
D4Mit288,4,28.4000000009,6.32439508264093
c4.loc29,4,29,7.52907308635207
D4Mit164,4,29.500000001,8.08900523619695
c4.loc30,4,30,7.64214306392546
D4Mit178,4,30.6000000011,6.39914256889216
c4.loc31,4,31,6.36841377134954
D4Mit80,4,31.7000000012,5.15294535574242
D4Mit81,4,31.7000000013,5.15294535574105
c4.loc32,4,32,5.13387379759803
D4Mit276,4,32.8000000014,4.898207156301
c4.loc33,4,33,4.87571168094257
D4Mit152,4,33.9000000015,4.76828714908692
c4.loc34,4,34,4.69901915986344
c4.loc35,4,35,3.75657992375056
D4Mit302,4,35.0000000016,3.75657992177531
c4.loc36,4,36,3.7085183746529
c4.loc37,4,37,3.65567515318213
c4.loc38,4,38,3.59792934219348
c4.loc39,4,39,3.53516831488815
c4.loc40,4,40,3.46728850363701
c4.loc41,4,41,3.39419718881817
c4.loc42,4,42,3.31581558855788
c4.loc43,4,43,3.23208443893913
c4.loc44,4,44,3.14297353948245
c4.loc45,4,45,3.04849759043015
c4.loc46,4,46,2.94874163948487
c4.loc47,4,47,2.84389955811059
D4Mit175,4,47.0000000017,2.84389955792818
c4.loc48,4,48,2.94457014109781
c4.loc49,4,49,3.01894172900063
c4.loc50,4,50,3.06209856543518
c4.loc51,4,51,3.07066152408078
c4.loc52,4,52,3.04288502346441
c4.loc53,4,53,2.97868058436552
c4.loc54,4,54,2.87969316463762
c4.loc55,4,55,2.74945923180297
c4.loc56,4,56,2.59353958929728
D4Mit16,4,56.8000000018,2.45525918404059
c4.loc57,4,57,2.46625741877199
c4.loc58,4,58,2.51802027919024
c4.loc59,4,59,2.56363193281908
c4.loc60,4,60,2.60213637287063
c4.loc61,4,61,2.63272182223807
c4.loc62,4,62,2.6547354441837
c4.loc63,4,63,2.66768862488334
c4.loc64,4,64,2.67125137393123
c4.loc65,4,65,2.66524409740811
c4.loc66,4,66,2.64962925895213
c4.loc67,4,67,2.624505587714
c4.loc68,4,68,2.59010599525629
c4.loc69,4,69,2.54679913978748
c4.loc70,4,70,2.49509342088601
c4.loc71,4,71,2.43564105815472
c4.loc72,4,72,2.36923887166199
c4.loc73,4,73,2.29682171761107
c4.loc74,4,74,2.21944459694566
D4Mit14,4,74.3000000019,2.1954338123366
D5Mit193,5,0,0.372734066081364
c5.loc1,5,1,0.366157143175997
c5.loc2,5,2,0.348861275535398
c5.loc3,5,3,0.321126220343956
c5.loc4,5,4,0.285040924687792
c5.loc5,5,5,0.24414562625293
D5Mit61,5,5.5000000001,0.223166718534912
c5.loc6,5,6,0.205599579190732
c5.loc7,5,7,0.171705281218919
c5.loc8,5,8,0.139937763006628
c5.loc9,5,9,0.11083091963684
c5.loc10,5,10,0.0848386096057538
D5Mit387,5,10.9000000002,0.0643871361286301
c5.loc11,5,11,0.0657157791242753
c5.loc12,5,12,0.0796475282811002
c5.loc13,5,13,0.0946172446753053
c5.loc14,5,14,0.110416818313524
D5Mit148,5,14.2000000003,0.113657471549743
c5.loc15,5,15,0.148829284686542
D5Mit13,5,15.3000000004,0.162512582503552
c5.loc16,5,16,0.201980929224703
c5.loc17,5,17,0.259663542880503
c5.loc18,5,18,0.311813049528553
D5Mit55,5,18.6000000005,0.33748037530836
c5.loc19,5,19,0.317702900546351
c5.loc20,5,20,0.268628211616885
c5.loc21,5,21,0.220767298205999
c5.loc22,5,22,0.17507800533258
c5.loc23,5,23,0.13261867868539
c5.loc24,5,24,0.0944924664750033
c5.loc25,5,25,0.0617715398716427
c5.loc26,5,26,0.0354013763749776
c5.loc27,5,27,0.0160983251984135
c5.loc28,5,28,0.00428495515427585
c5.loc29,5,29,0.0000209048617421104
c5.loc30,5,30,0.00303791496497752
c5.loc31,5,31,0.0127851970628399
c5.loc32,5,32,0.0285101319961427
D5Mit312,5,32.8000000006,0.04481276283434
c5.loc33,5,33,0.0462851398519888
c5.loc34,5,34,0.0540666797875815
c5.loc35,5,35,0.0625419393445554
c5.loc36,5,36,0.0716939072812011
c5.loc37,5,37,0.081498140063843
c5.loc38,5,38,0.091907187817867
c5.loc39,5,39,0.102871164728242
c5.loc40,5,40,0.114326973562129
c5.loc41,5,41,0.126202447577668
c5.loc42,5,42,0.138418273539173
c5.loc43,5,43,0.150890198537638
c5.loc44,5,44,0.16353137598378
c5.loc45,5,45,0.176254704497751
c5.loc46,5,46,0.188975027156914
c5.loc47,5,47,0.201611083871001
c5.loc48,5,48,0.214087141622429
c5.loc49,5,49,0.226334261095303
c5.loc50,5,50,0.238291189729466
c5.loc51,5,51,0.249903488220127
D5Mit188,5,51.4000000007,0.254443016069388
c5.loc52,5,52,0.264461820558267
c5.loc53,5,53,0.281109084733089
c5.loc54,5,54,0.297563014194679
c5.loc55,5,55,0.313684233730669
c5.loc56,5,56,0.329341122918777
c5.loc57,5,57,0.34441446847103
c5.loc58,5,58,0.358799854391123
c5.loc59,5,59,0.37240833891002
c5.loc60,5,60,0.385170837259466
D5Mit213,5,60.1000000008,0.386398248774299
c5.loc61,5,61,0.530741348995889
c5.loc62,5,62,0.711066255904086
c5.loc63,5,63,0.89844660161674
c5.loc64,5,64,1.08011097238426
c5.loc65,5,65,1.24798322253162
c5.loc66,5,66,1.39808973788922
D5Mit31,5,66.7000000009,1.49175813121457
c5.loc67,5,67,1.50326265775857
c5.loc68,5,68,1.53459588673184
c5.loc69,5,69,1.5554602393828
c5.loc70,5,70,1.56645594485803
c5.loc71,5,71,1.56825376537614
c5.loc72,5,72,1.56150481821555
c5.loc73,5,73,1.54681316110504
D5Mit99,5,73.200000001,1.54297209352075
c5.loc74,5,74,1.41237254395946
D5Mit101,5,74.3000000011,1.35371497471067
c5.loc75,5,75,1.36686213555299
c5.loc76,5,76,1.36326264037672
c5.loc77,5,77,1.33226349605343
D5Mit409,5,77.6000000012,1.3007088801636
c5.loc78,5,78,1.32326190044597
c5.loc79,5,79,1.36382761203078
c5.loc80,5,80,1.38153317241364
c5.loc81,5,81,1.37672870477036
c5.loc82,5,82,1.35023667740478
D5Mit169,5,82.0000000013,1.35023667735703
D6Mit86,6,0,0.127204027521486
c6.loc1,6,1,0.189850736524932
c6.loc2,6,2,0.267958850746595
c6.loc3,6,3,0.358928395867736
c6.loc4,6,4,0.457145138547787
c6.loc5,6,5,0.554917554293411
c6.loc6,6,6,0.644476165579533
c6.loc7,6,7,0.719789252634257
c6.loc8,6,8,0.777525942417299
c6.loc9,6,9,0.817094584229267
D6Mit273,6,9.8000000001,0.836671868479755
c6.loc10,6,10,0.855679767281458
c6.loc11,6,11,0.952410226342863
c6.loc12,6,12,1.05068701198496
c6.loc13,6,13,1.14875300666057
c6.loc14,6,14,1.24495472538956
c6.loc15,6,15,1.33785368283435
c6.loc16,6,16,1.42628639230958
c6.loc17,6,17,1.50936944305147
c6.loc18,6,18,1.58646924581319
c6.loc19,6,19,1.65716387461555
c6.loc20,6,20,1.72119967179498
c6.loc21,6,21,1.77845393024694
D6Mit188,6,21.9000000002,1.8241655274972
c6.loc22,6,22,1.83258905325215
c6.loc23,6,23,1.8876063469458
c6.loc24,6,24,1.90152260353301
c6.loc25,6,25,1.88589037147216
D6Mit8,6,25.1000000003,1.88297980800172
c6.loc26,6,26,1.73911830379086
c6.loc27,6,27,1.55034147910794
c6.loc28,6,28,1.33269732682737
c6.loc29,6,29,1.09421645935947
D6Mit213,6,29.5000000004,0.972535887492938
c6.loc30,6,30,0.998496225447809
c6.loc31,6,31,1.04770345728843
c6.loc32,6,32,1.09212001691077
c6.loc33,6,33,1.13041822788597
c6.loc34,6,34,1.16142620548663
c6.loc35,6,35,1.18418495890421
c6.loc36,6,36,1.19799193597453
c6.loc37,6,37,1.20243765849648
c6.loc38,6,38,1.19744128785544
c6.loc39,6,39,1.18328547752924
c6.loc40,6,40,1.16064143114505
D6Mit36,6,40.4000000005,1.14943155390108
c6.loc41,6,41,1.15834186129246
c6.loc42,6,42,1.16817341473927
c6.loc43,6,43,1.17096179328945
c6.loc44,6,44,1.16599125604904
c6.loc45,6,45,1.15279777052768
c6.loc46,6,46,1.13122259864349
c6.loc47,6,47,1.10144809687398
c6.loc48,6,48,1.06401097799039
c6.loc49,6,49,1.01978814838839
c6.loc50,6,50,0.969950854623107
c6.loc51,6,51,0.915886038872543
D6Mit135,6,51.4000000006,0.893410593015972
c6.loc52,6,52,0.912300453894204
c6.loc53,6,53,0.930586820130259
c6.loc54,6,54,0.931815958970276
c6.loc55,6,55,0.916640389936163
c6.loc56,6,56,0.88687535021387
D6Mit59,6,56.8000000007,0.854353563779341
c6.loc57,6,57,0.868933856740171
c6.loc58,6,58,0.938207907968774
c6.loc59,6,59,0.998280776389038
c6.loc60,6,60,1.0452841206918
c6.loc61,6,61,1.07633774737945
c6.loc62,6,62,1.08986682349052
c6.loc63,6,63,1.08570952581528
D6Mit295,6,63.4000000008,1.07932284661683
c6.loc64,6,64,0.982660292843491
c6.loc65,6,65,0.776240878761939
D6Mit201,6,65.6000000009,0.630038559397121
c6.loc66,6,66,0.652367139613091
D6Mit15,6,66.700000001,0.663081570964664
D7Mit306,7,1.1,0.137694648844331
c7.loc1,7,2.1,0.141266235719058
c7.loc2,7,3.1,0.144057112157441
c7.loc3,7,4.1,0.145916787906344
c7.loc4,7,5.1,0.146720378077021
c7.loc5,7,6.1,0.146381480643754
c7.loc6,7,7.1,0.144862648499611
c7.loc7,7,8.1,0.142181842812931
c7.loc8,7,9.1,0.138413638257475
c7.loc9,7,10.1,0.133684500815264
c7.loc10,7,11.1,0.128162246101681
c7.loc11,7,12.1,0.122040842326612
c7.loc12,7,13.1,0.115522392993057
D7Mit25,7,13.1000000001,0.115522392992034
c7.loc13,7,14.1,0.134977118538643
c7.loc14,7,15.1,0.155864365790933
c7.loc15,7,16.1,0.177951962614088
c7.loc16,7,17.1,0.200959299626788
c7.loc17,7,18.1,0.224563537093275
c7.loc18,7,19.1,0.248418917846493
c7.loc19,7,20.1,0.272175963622487
c7.loc20,7,21.1,0.29549970008469
c7.loc21,7,22.1,0.318084958887539
c7.loc22,7,23.1,0.339667620669786
c7.loc23,7,24.1,0.360031491983307
c7.loc24,7,25.1,0.3790104584549
c7.loc25,7,26.1,0.396491363873736
D7Mit297,7,26.2000000002,0.398153958993021
c7.loc26,7,27.1,0.307886749282034
c7.loc27,7,28.1,0.189227772646689
D7Mit30,7,28.4000000003,0.155775416744063
c7.loc28,7,29.1,0.13958561186837
c7.loc29,7,30.1,0.117521410958773
c7.loc30,7,31.1,0.0969106191448645
c7.loc31,7,32.1,0.0779678433954132
c7.loc32,7,33.1,0.0608861909896063
c7.loc33,7,34.1,0.0458248666992063
c7.loc34,7,35.1,0.0328982649141949
c7.loc35,7,36.1,0.0221684120172085
c7.loc36,7,37.1,0.0136422201557593
D7Mit37,7,37.2000000004,0.0129094555825873
c7.loc37,7,38.1,0.0108082742580109
c7.loc38,7,39.1,0.00855818032169964
c7.loc39,7,40.1,0.00645014540543798
c7.loc40,7,41.1,0.00454375308970612
c7.loc41,7,42.1,0.00290030996666246
c7.loc42,7,43.1,0.00157602171395865
c7.loc43,7,44.1,0.000631770921131647
c7.loc44,7,45.1,0.000105174917678141
c7.loc45,7,46.1,0.0000230305367949768
c7.loc46,7,47.1,0.000395259573963358
c7.loc47,7,48.1,0.00121396795213968
c7.loc48,7,49.1,0.00246034912413506
c7.loc49,7,50.1,0.00408209712406915
c7.loc50,7,51.1,0.00602872510631869
c7.loc51,7,52.1,0.00823818044011659
c7.loc52,7,53.1,0.0106453644777957
D7Mit71,7,53.6000000005,0.0119029926767098
c7.loc53,7,54.1,0.0268882161057036
c7.loc54,7,55.1,0.0725437381146321
D7Nds4,7,55.6000000006,0.0994136713258627
D8Mit3,8,6.6,0.0564239805624993
c8.loc1,8,7.6,0.0512120913318768
c8.loc2,8,8.6,0.0459799699740984
c8.loc3,8,9.6,0.0407879440342072
c8.loc4,8,10.6,0.0356997077971641
c8.loc5,8,11.6,0.0307799725142104
c8.loc6,8,12.6,0.026091841285961
c8.loc7,8,13.6,0.0216941128963981
c8.loc8,8,14.6,0.0176322112428124
c8.loc9,8,15.6,0.0139642021503619
c8.loc10,8,16.6,0.0107135685466346
c8.loc11,8,17.6,0.00790105414915843
c8.loc12,8,18.6,0.00553589699728718
c8.loc13,8,19.6,0.00361632143665247
D8Mit292,8,19.7000000001,0.00344849805298963
c8.loc14,8,20.6,0.00328115031817333
c8.loc15,8,21.6,0.00308487537023439
c8.loc16,8,22.6,0.00287933667351581
c8.loc17,8,23.6,0.00266659951057591
c8.loc18,8,24.6,0.00244907486069224
c8.loc19,8,25.6,0.00222942931594616
c8.loc20,8,26.6,0.00201047431659163
c8.loc21,8,27.6,0.00179504414279563
c8.loc22,8,28.6,0.00158587270016142
c8.loc23,8,29.6,0.00137808569149911
c8.loc24,8,30.6,0.00119066576996829
c8.loc25,8,31.6,0.00101579592887902
c8.loc26,8,32.6,0.000854757498018444
c8.loc27,8,33.6,0.000708445097359345
D8Mit25,8,33.9000000002,0.000667508795856975
c8.loc28,8,34.6,0.0000588802433298952
c8.loc29,8,35.6,0.000356807947753168
c8.loc30,8,36.6,0.00210607589042411
c8.loc31,8,37.6,0.00529878946503004
c8.loc32,8,38.6,0.00983412332095668
c8.loc33,8,39.6,0.0155256591150419
D8Mit45,8,40.4000000003,0.0207480188097406
c8.loc34,8,40.6,0.0231640195386831
c8.loc35,8,41.6,0.0375053193949384
c8.loc36,8,42.6,0.055764064129562
c8.loc37,8,43.6,0.0781050846147195
c8.loc38,8,44.6,0.104614498934666
c8.loc39,8,45.6,0.135287116515087
c8.loc40,8,46.6,0.170031523941475
c8.loc41,8,47.6,0.208618351452401
c8.loc42,8,48.6,0.250752021043013
c8.loc43,8,49.6,0.296046197560372
c8.loc44,8,50.6,0.34405244881026
c8.loc45,8,51.6,0.394283277222144
c8.loc46,8,52.6,0.4462352279063
c8.loc47,8,53.6,0.499409608399162
c8.loc48,8,54.6,0.553329252043739
c8.loc49,8,55.6,0.607550710037856
c8.loc50,8,56.6,0.661672024807956
c8.loc51,8,57.6,0.715336717562423
c8.loc52,8,58.6,0.768234828997208
D8Mit271,8,59.0000000004,0.789118704719215
c8.loc53,8,59.6,0.788837473566389
c8.loc54,8,60.6,0.78595728418378
c8.loc55,8,61.6,0.779814773110274
c8.loc56,8,62.6,0.77017948743935
c8.loc57,8,63.6,0.756882153564504
c8.loc58,8,64.6,0.739849413485047
c8.loc59,8,65.6,0.719105912354564
c8.loc60,8,66.6,0.694786543946236
c8.loc61,8,67.6,0.66714195728423
c8.loc62,8,68.6,0.636538254774791
c8.loc63,8,69.6,0.603449188349487
c8.loc64,8,70.6,0.568439342491729
c8.loc65,8,71.6,0.532132546858804
c8.loc66,8,72.6,0.495200435274398
c8.loc67,8,73.6,0.458282661501073
c8.loc68,8,74.6,0.421978985804969
D8Mit156,8,75.4000000005,0.393728456854831
D9Mit297,9,12,0.108382354817593
c9.loc1,9,13,0.100834631392786
c9.loc2,9,14,0.0932762412080024
c9.loc3,9,15,0.0857572703203004
c9.loc4,9,16,0.0783296151823833
c9.loc5,9,17,0.0710458414205277
c9.loc6,9,18,0.0639579100428023
c9.loc7,9,19,0.0571158278776238
c9.loc8,9,20,0.0505662940024649
c9.loc9,9,21,0.0443514231458266
c9.loc10,9,22,0.0385030744526489
c9.loc11,9,23,0.0330617799960464
c9.loc12,9,24,0.0280436473644841
D9Mit27,9,24.0000000001,0.0280436473645409
c9.loc13,9,25,0.0314885185274534
c9.loc14,9,26,0.0351513456320731
c9.loc15,9,27,0.0389984148010853
c9.loc16,9,28,0.043002815422426
c9.loc17,9,29,0.0471272775191096
c9.loc18,9,30,0.0513289561657189
c9.loc19,9,31,0.0555607567038123
c9.loc20,9,32,0.0597730029970762
c9.loc21,9,33,0.063915338985737
c9.loc22,9,34,0.0679387273404473
c9.loc23,9,35,0.071797396509055
c9.loc24,9,36,0.0754505900046638
c9.loc25,9,37,0.0788639891822527
c9.loc26,9,38,0.0820107114661823
c9.loc27,9,39,0.0848718276610612
c9.loc28,9,40,0.0874363907320799
D9Mit8,9,40.4000000002,0.0883781853331698
c9.loc29,9,41,0.0932397031311893
c9.loc30,9,42,0.101600180862931
c9.loc31,9,43,0.110195661387934
c9.loc32,9,44,0.118904115725627
c9.loc33,9,45,0.127595974411463
c9.loc34,9,46,0.136093980771818
c9.loc35,9,47,0.144239684440663
c9.loc36,9,48,0.151868083391832
c9.loc37,9,49,0.158825261657057
c9.loc38,9,50,0.164978039134155
c9.loc39,9,51,0.170222237006215
c9.loc40,9,52,0.174488616310498
c9.loc41,9,53,0.177745832615415
c9.loc42,9,54,0.179991926564014
c9.loc43,9,55,0.181288078337388
c9.loc44,9,56,0.181688906627471
D9Mit24,9,56.8000000003,0.181425109738655
c9.loc45,9,57,0.190326673265758
c9.loc46,9,58,0.239068817331884
c9.loc47,9,59,0.294381287002182
c9.loc48,9,60,0.354937081673313
c9.loc49,9,61,0.418549874467146
c9.loc50,9,62,0.482436509796514
c9.loc51,9,63,0.543617918565133
c9.loc52,9,64,0.599374247310834
c9.loc53,9,65,0.647586474846833
c9.loc54,9,66,0.686910489956745
c9.loc55,9,67,0.716801165378854
c9.loc56,9,68,0.737428835345042
D9Mit18,9,68.9000000004,0.748679593193572
D10Mit166,10,2.2,0.21605515894521
c10.loc1,10,3.2,0.224947960012457
c10.loc2,10,4.2,0.233245432234924
c10.loc3,10,5.2,0.240755085319165
c10.loc4,10,6.2,0.247303137431629
c10.loc5,10,7.2,0.252705548654149
c10.loc6,10,8.2,0.256831966798529
c10.loc7,10,9.2,0.259582818799117
c10.loc8,10,10.2,0.260903176485272
c10.loc9,10,11.2,0.260786352777302
c10.loc10,10,12.2,0.259274035910494
c10.loc11,10,13.2,0.256448144828596
c10.loc12,10,14.2,0.252445609597544
c10.loc13,10,15.2,0.24741220656631
D10Mit214,10,15.3000000001,0.246858713716676
c10.loc14,10,16.2,0.239433315168867
c10.loc15,10,17.2,0.230758466601685
c10.loc16,10,18.2,0.221651546195631
c10.loc17,10,19.2,0.212112881815131
c10.loc18,10,20.2,0.20216694468229
c10.loc19,10,21.2,0.191841790909223
c10.loc20,10,22.2,0.181174404731223
c10.loc21,10,23.2,0.17021117814204
c10.loc22,10,24.2,0.159008100104586
c10.loc23,10,25.2,0.147652730123298
c10.loc24,10,26.2,0.136179518313554
c10.loc25,10,27.2,0.124687347346537
c10.loc26,10,28.2,0.113263980855095
c10.loc27,10,29.2,0.10200156391852
c10.loc28,10,30.2,0.090994359047329
c10.loc29,10,31.2,0.0803361993437761
c10.loc30,10,32.2,0.0701177866488933
c10.loc31,10,33.2,0.0603986997288644
c10.loc32,10,34.2,0.0513104812075085
c10.loc33,10,35.2,0.0428892897829201
c10.loc34,10,36.2,0.0351882562358696
c10.loc35,10,37.2,0.028247029586737
c10.loc36,10,38.2,0.0220912027505733
c10.loc37,10,39.2,0.0167147420431775
c10.loc38,10,40.2,0.0121581688910055
c10.loc39,10,41.2,0.00837999960168645
c10.loc40,10,42.2,0.0053385157309549
c10.loc41,10,43.2,0.00304354313129807
c10.loc42,10,44.2,0.00142266916145672
c10.loc43,10,45.2,0.000425824178364564
c10.loc44,10,46.2,0.0000184317600542272
c10.loc45,10,47.2,0.000133348480744644
c10.loc46,10,48.2,0.000721423365803275
c10.loc47,10,49.2,0.00173223543129097
c10.loc48,10,50.2,0.00312060865002195
D10Mit11,10,50.3000000002,0.00327741746087895
c10.loc49,10,51.2,0.00195351819229472
c10.loc50,10,52.2,0.000856203219768759
c10.loc51,10,53.2,0.000191986958668622
c10.loc52,10,54.2,0.00000383791672220468
c10.loc53,10,55.2,0.000328278995652909
c10.loc54,10,56.2,0.00120449426981395
c10.loc55,10,57.2,0.00264549936349567
c10.loc56,10,58.2,0.00466286210422595
c10.loc57,10,59.2,0.00725294473676286
c10.loc58,10,60.2,0.0104128088162838
c10.loc59,10,61.2,0.0140898636075235
c10.loc60,10,62.2,0.0182514698173577
c10.loc61,10,63.2,0.0228454298290899
c10.loc62,10,64.2,0.0278116454915676
c10.loc63,10,65.2,0.0330847192365695
c10.loc64,10,66.2,0.0385966519954763
c10.loc65,10,67.2,0.0442794256766206
c10.loc66,10,68.2,0.0500672934838917
c10.loc67,10,69.2,0.0558986543191509
D10Mit14,10,69.9000000003,0.0599762124797394
c10.loc68,10,70.2,0.0626272956523053
c10.loc69,10,71.2,0.0711607531836194
c10.loc70,10,72.2,0.0786308131722535
c10.loc71,10,73.2,0.0843237082107748
c10.loc72,10,74.2,0.087766636083245
c10.loc73,10,75.2,0.0888476014621915
D10Mit297,10,75.4000000004,0.0887966540352636
D11Mit74,11,2.2,0.172625728108244
c11.loc1,11,3.2,0.170428065460783
c11.loc2,11,4.2,0.155881895644541
D11Mit2,11,4.4000000001,0.151749949479893
D11Mit78,11,4.4000000002,0.151749947833082
c11.loc3,11,5.2,0.0729759840801876
c11.loc4,11,6.2,0.0132183543095152
c11.loc5,11,7.2,0.0016959453690788
c11.loc6,11,8.2,0.0369064857135868
D11Mit79,11,8.7000000003,0.06970858581127
D11Mit80,11,8.7000000004,0.0697085859694084
c11.loc7,11,9.2,0.0856151751616494
c11.loc8,11,10.2,0.119951527056855
D11Mit82,11,10.9000000005,0.144471912435904
c11.loc9,11,11.2,0.157209545314515
c11.loc10,11,12.2,0.2007482656511
D11Mit163,11,13.1000000006,0.239557921892754
c11.loc11,11,13.2,0.241370287416999
c11.loc12,11,14.2,0.258664942250789
c11.loc13,11,15.2,0.274065602063274
c11.loc14,11,16.2,0.287119245626684
c11.loc15,11,17.2,0.29752440582331
D11Mit110,11,17.5000000007,0.300104281825497
D11Mit136,11,17.5000000008,0.300104281096594
c11.loc16,11,18.2,0.329553697507379
c11.loc17,11,19.2,0.371161848874863
D11Mit20,11,19.7000000009,0.3915129762064
c11.loc18,11,20.2,0.402726389517511
c11.loc19,11,21.2,0.41983166125874
c11.loc20,11,22.2,0.428131380600632
c11.loc21,11,23.2,0.426361650832064
c11.loc22,11,24.2,0.414497168773721
D11Mit310,11,25.100000001,0.396260486120525
c11.loc23,11,25.2,0.398869129728155
c11.loc24,11,26.2,0.42541479572742
c11.loc25,11,27.2,0.452582608324747
c11.loc26,11,28.2,0.480008689188992
c11.loc27,11,29.2,0.507256931748714
c11.loc28,11,30.2,0.533830406764821
c11.loc29,11,31.2,0.559196244491375
c11.loc30,11,32.2,0.582794410276335
c11.loc31,11,33.2,0.604087337163207
c11.loc32,11,34.2,0.622580063902546
c11.loc33,11,35.2,0.637852069702262
c11.loc34,11,36.2,0.649582482772303
c11.loc35,11,37.2,0.657568913878833
c11.loc36,11,38.2,0.661738406989912
c11.loc37,11,39.2,0.662149550474453
c11.loc38,11,40.2,0.658985394476019
c11.loc39,11,41.2,0.652535875348065
c11.loc40,11,42.2,0.643182838125938
c11.loc41,11,43.2,0.631356865283294
D11Mit35,11,43.7000000011,0.624660878382031
c11.loc42,11,44.2,0.613576259376714
c11.loc43,11,45.2,0.59063721705877
c11.loc44,11,46.2,0.566723486578951
c11.loc45,11,47.2,0.541912492560812
c11.loc46,11,48.2,0.516299913585783
c11.loc47,11,49.2,0.490000056396809
c11.loc48,11,50.2,0.463145658657538
c11.loc49,11,51.2,0.435886969499563
c11.loc50,11,52.2,0.40838997068721
c11.loc51,11,53.2,0.3808336394967
c11.loc52,11,54.2,0.353406221685532
c11.loc53,11,55.2,0.326300579296117
c11.loc54,11,56.2,0.299708796069638
c11.loc55,11,57.2,0.273816346616513
c11.loc56,11,58.2,0.24879623982855
c11.loc57,11,59.2,0.224803604956605
D11Mit67,11,60.1000000012,0.204198947653595
c11.loc58,11,60.2,0.202907747011011
c11.loc59,11,61.2,0.189575210544319
c11.loc60,11,62.2,0.175526223735631
c11.loc61,11,63.2,0.160854376495877
c11.loc62,11,64.2,0.145687991521754
c11.loc63,11,65.2,0.130204662106905
c11.loc64,11,66.2,0.114585951018114
c11.loc65,11,67.2,0.0990721899939899
c11.loc66,11,68.2,0.0839211698691429
c11.loc67,11,69.2,0.0694047312403541
c11.loc68,11,70.2,0.0557942734232029
c11.loc69,11,71.2,0.0433439951176524
c11.loc70,11,72.2,0.0322611635654653
c11.loc71,11,73.2,0.022746789587984
c11.loc72,11,74.2,0.0148931867549891
c11.loc73,11,75.2,0.00874704299206996
c11.loc74,11,76.2,0.00428829704503642
c11.loc75,11,77.2,0.00146095325368378
c11.loc76,11,78.2,0.000139302485536064
c11.loc77,11,79.2,0.000182644403480481
c11.loc78,11,80.2,0.00142630624429785
D11Mit48,11,80.9000000013,0.00292618726473393
D12Mit37,12,1.1,0.424916097762889
c12.loc1,12,2.1,0.403702794447952
c12.loc2,12,3.1,0.377833267905828
c12.loc3,12,4.1,0.347313250577486
c12.loc4,12,5.1,0.312549146931474
c12.loc5,12,6.1,0.274337381273654
c12.loc6,12,7.1,0.233944494821458
c12.loc7,12,8.1,0.192974591120844
c12.loc8,12,9.1,0.153207360916724
c12.loc9,12,10.1,0.11636583408341
c12.loc10,12,11.1,0.0838674950956033
c12.loc11,12,12.1,0.0566929537807823
c12.loc12,12,13.1,0.035225318505411
c12.loc13,12,14.1,0.0194001317327093
c12.loc14,12,15.1,0.00873954078838324
c12.loc15,12,16.1,0.00257246454157212
D12Mit110,12,16.4000000001,0.00148148500835532
c12.loc16,12,17.1,0.0014895637476684
c12.loc17,12,18.1,0.00148151640189553
c12.loc18,12,19.1,0.00144939134816013
c12.loc19,12,20.1,0.00139398645035271
c12.loc20,12,21.1,0.00131804632599142
c12.loc21,12,22.1,0.00122589532952588
D12Mit34,12,23.0000000002,0.00113353207058253
c12.loc22,12,23.1,0.00115138837747963
c12.loc23,12,24.1,0.00133911881340509
c12.loc24,12,25.1,0.00154260028659792
c12.loc25,12,26.1,0.00176730001527403
c12.loc26,12,27.1,0.00200014993794184
c12.loc27,12,28.1,0.00224198563267919
c12.loc28,12,29.1,0.00248878048836332
c12.loc29,12,30.1,0.00273601084666097
c12.loc30,12,31.1,0.00297889553974073
c12.loc31,12,32.1,0.00321267489204047
c12.loc32,12,33.1,0.00343290339077384
c12.loc33,12,34.1,0.00363572628555175
c12.loc34,12,35.1,0.00381810950113959
c12.loc35,12,36.1,0.00397799524614584
c12.loc36,12,37.1,0.0041143630901388
c12.loc37,12,38.1,0.00422718827439894
c12.loc38,12,39.1,0.00431730505903261
c12.loc39,12,40.1,0.00438549756768225
D12Mit118,12,40.4000000003,0.00440259181300462
c12.loc40,12,41.1,0.00479106519082961
c12.loc41,12,42.1,0.00537504640959696
c12.loc42,12,43.1,0.0059862669097015
c12.loc43,12,44.1,0.00661981617713536
c12.loc44,12,45.1,0.00726891764662696
c12.loc45,12,46.1,0.00792600860120274
c12.loc46,12,47.1,0.0085830179733648
c12.loc47,12,48.1,0.00923169166162552
c12.loc48,12,49.1,0.00986394184729988
c12.loc49,12,50.1,0.0104721929252491
c12.loc50,12,51.1,0.0110496952823951
c12.loc51,12,52.1,0.0115907799284969
c12.loc52,12,53.1,0.0120910323369117
c12.loc53,12,54.1,0.0125473729498253
c12.loc54,12,55.1,0.0129577874721463
c12.loc55,12,56.1,0.0133225006850921
D12Mit20,12,56.8000000004,0.0135504190030815
D13Mit16,13,5.7,0.0867168623840371
c13.loc1,13,6.7,0.0600615636418524
c13.loc2,13,7.7,0.0331875840258817
D13Mit59,13,7.7000000001,0.0331875840234375
c13.loc3,13,8.7,0.0336700607788885
c13.loc4,13,9.7,0.0338609565335446
c13.loc5,13,10.7,0.0337141218157058
c13.loc6,13,11.7,0.0332205789084128
c13.loc7,13,12.7,0.0323879428918303
c13.loc8,13,13.7,0.0312453201723315
c13.loc9,13,14.7,0.0298399416124084
c13.loc10,13,15.7,0.0282278668066738
D13Mit91,13,16.4000000002,0.027017542458168
c13.loc11,13,16.7,0.0252026984479699
c13.loc12,13,17.7,0.0193078316756328
c13.loc13,13,18.7,0.0137789561052273
c13.loc14,13,19.7,0.00883399048962019
c13.loc15,13,20.7,0.00472575145835208
c13.loc16,13,21.7,0.0017265860415705
c13.loc17,13,22.7,0.000158498338862501
c13.loc18,13,23.7,0.000285526633888367
c13.loc19,13,24.7,0.00239943997922865
c13.loc20,13,25.7,0.00663886563978622
c13.loc21,13,26.7,0.0131778113770338
c13.loc22,13,27.7,0.0219362036012853
c13.loc23,13,28.7,0.0327209465947362
c13.loc24,13,29.7,0.0452549697025688
c13.loc25,13,30.7,0.0591386369705447
c13.loc26,13,31.7,0.0739105557782977
c13.loc27,13,32.7,0.0890934327060791
c13.loc28,13,33.7,0.104237515689476
c13.loc29,13,34.7,0.118954662920032
c13.loc30,13,35.7,0.132939082185658
c13.loc31,13,36.7,0.1459636271249
c13.loc32,13,37.7,0.157924597637532
c13.loc33,13,38.7,0.168741469557915
c13.loc34,13,39.7,0.178412443445666
D13Mit148,13,40.4000000003,0.184526106425778
c13.loc35,13,40.7,0.186516152869387
c13.loc36,13,41.7,0.193210838032144
c13.loc37,13,42.7,0.199989939212799
c13.loc38,13,43.7,0.206840463106516
c13.loc39,13,44.7,0.213749181000026
c13.loc40,13,45.7,0.220702771517324
c13.loc41,13,46.7,0.227687956492218
c13.loc42,13,47.7,0.234691627040377
c13.loc43,13,48.7,0.241700957683236
c13.loc44,13,49.7,0.248703507073344
c13.loc45,13,50.7,0.255687304569506
c13.loc46,13,51.7,0.262640922427693
c13.loc47,13,52.7,0.26955353387774
c13.loc48,13,53.7,0.276414957661416
c13.loc49,13,54.7,0.283215689897418
c13.loc50,13,55.7,0.289946924281253
c13.loc51,13,56.7,0.296600561749301
c13.loc52,13,57.7,0.303169210774286
c13.loc53,13,58.7,0.30964617948905
D13Mit78,13,59.0000000004,0.311570476803922
D14Mit48,14,0,0.0837480678385418
c14.loc1,14,1,0.0837209219435522
c14.loc2,14,2,0.0836899484285709
c14.loc3,14,3,0.0836565140882612
c14.loc4,14,4,0.0835964626360806
c14.loc5,14,5,0.0835702023696854
c14.loc6,14,6,0.0835412737467891
c14.loc7,14,7,0.0835108434758354
c14.loc8,14,8,0.0834626928296416
c14.loc9,14,9,0.0834387731583206
c14.loc10,14,10,0.083412805149635
c14.loc11,14,11,0.0833858634624107
c14.loc12,14,12,0.0833587328064027
c14.loc13,14,13,0.0833257664663734
c14.loc14,14,14,0.0833029881116545
c14.loc15,14,15,0.0832794648347885
c14.loc16,14,16,0.0832559733273115
D14Mit14,14,16.4000000001,0.0832467007431319
c14.loc17,14,17,0.0763669073145934
c14.loc18,14,18,0.0651738605759533
c14.loc19,14,19,0.0544388550344479
c14.loc20,14,20,0.0443017946871009
c14.loc21,14,21,0.0349052253118316
c14.loc22,14,22,0.0263896966397397
c14.loc23,14,23,0.0188884323877119
c14.loc24,14,24,0.0125216299525732
c14.loc25,14,25,0.00738217976908118
c14.loc26,14,26,0.00356954391554609
c14.loc27,14,27,0.00111956500381893
c14.loc28,14,28,0.000051399660151219
c14.loc29,14,29,0.000352656284803743
c14.loc30,14,30,0.00199228793275097
c14.loc31,14,31,0.00489423845283454
c14.loc32,14,32,0.00897307164825634
c14.loc33,14,33,0.0141221385089807
c14.loc34,14,34,0.0202222981147884
c14.loc35,14,35,0.027147212967634
c14.loc36,14,36,0.0347682689081807
D14Mit37,14,36.1000000002,0.0355637495957808
c14.loc37,14,37,0.039326271569962
c14.loc38,14,38,0.0437488736611726
c14.loc39,14,39,0.0483897540827343
c14.loc40,14,40,0.0532204907368055
c14.loc41,14,41,0.058201334531077
c14.loc42,14,42,0.0632864160072586
c14.loc43,14,43,0.0684249288470369
c14.loc44,14,44,0.0735626638047506
c14.loc45,14,45,0.0786438140121959
c14.loc46,14,46,0.0836129451726038
c14.loc47,14,47,0.0884170048634019
c14.loc48,14,48,0.0930072359533938
c14.loc49,14,49,0.0973408616599727
c14.loc50,14,50,0.101382424760573
c14.loc51,14,51,0.105104691296674
c14.loc52,14,52,0.108489068624749
D14Mit7,14,52.5000000003,0.110051093715356
c14.loc53,14,53,0.107390988686859
c14.loc54,14,54,0.101892649066485
c14.loc55,14,55,0.0961828919315622
c14.loc56,14,56,0.0902988165179863
c14.loc57,14,57,0.0842837174975557
c14.loc58,14,58,0.0781862757640397
c14.loc59,14,59,0.0720593863862291
c14.loc60,14,60,0.0659586619902939
c14.loc61,14,61,0.0599406855812958
c14.loc62,14,62,0.0540611183955662
c14.loc63,14,63,0.0483727910162202
c14.loc64,14,64,0.0429239154356651
c14.loc65,14,65,0.0377565492798908
c14.loc66,14,66,0.0329054207118702
c14.loc67,14,67,0.0283941518577535
D14Mit266,14,67.8000000004,0.0250483434846274
D15Mit11,15,5.5,1.07437461376577
D15Mit175,15,5.5000000001,1.07437461365379
c15.loc1,15,6.5,0.935864851665769
c15.loc2,15,7.5,0.781239178329201
D15Mit53,15,7.7000000002,0.749107833826145
c15.loc3,15,8.5,0.832127277825236
c15.loc4,15,9.5,0.936866350645516
c15.loc5,15,10.5,1.04038879666894
c15.loc6,15,11.5,1.1405931281094
c15.loc7,15,12.5,1.23582592585672
D15Mit111,15,13.1000000003,1.29005377276974
c15.loc8,15,13.5,1.30931952552265
c15.loc9,15,14.5,1.34646717687809
c15.loc10,15,15.5,1.36722753258772
D15Mit56,15,16.4000000004,1.37178694904287
D15Mit22,15,16.4000000005,1.37178694942014
c15.loc11,15,16.5,1.42430827387227
c15.loc12,15,17.5,1.71293221949719
D15Mit206,15,17.5000000006,1.71293221945803
D15Mit152,15,17.5000000007,1.71293222159414
c15.loc13,15,18.5,1.73141222675872
c15.loc14,15,19.5,1.73836182999577
c15.loc15,15,20.5,1.73214246222301
c15.loc16,15,21.5,1.71145526130198
c15.loc17,15,22.5,1.6754329105305
c15.loc18,15,23.5,1.62373552885902
c15.loc19,15,24.5,1.55666751534744
c15.loc20,15,25.5,1.47531552215941
c15.loc21,15,26.5,1.38167425651926
c15.loc22,15,27.5,1.27867951944711
c15.loc23,15,28.5,1.17003979647376
c15.loc24,15,29.5,1.05981220875651
D15Mit156,15,29.5000000008,1.05981220866897
c15.loc25,15,30.5,1.06301579714955
c15.loc26,15,31.5,1.06496223394652
c15.loc27,15,32.5,1.06552227183602
c15.loc28,15,33.5,1.06457244969931
c15.loc29,15,34.5,1.06199184942892
c15.loc30,15,35.5,1.05767191569862
c15.loc31,15,36.5,1.05151567289084
c15.loc32,15,37.5,1.04344153576466
c15.loc33,15,38.5,1.03338914951701
c15.loc34,15,39.5,1.02131192241495
c15.loc35,15,40.5,1.00719324007957
c15.loc36,15,41.5,0.991040588627413
c15.loc37,15,42.5,0.972889226432926
c15.loc38,15,43.5,0.952803467924696
c15.loc39,15,44.5,0.930877283358484
c15.loc40,15,45.5,0.907234073560232
c15.loc41,15,46.5,0.882025485004192
c15.loc42,15,47.5,0.855429156426112
c15.loc43,15,48.5,0.827645339576691
c15.loc44,15,49.5,0.798889383881544
c15.loc45,15,50.5,0.769399550269497
c15.loc46,15,51.5,0.739408884919897
c15.loc47,15,52.5,0.709154791760227
c15.loc48,15,53.5,0.678868073619753
c15.loc49,15,54.5,0.648765311945624
c15.loc50,15,55.5,0.619050785349486
D15Mit108,15,55.7000000009,0.613170167004853
c15.loc51,15,56.5,0.664303427824791
c15.loc52,15,57.5,0.726624932475829
c15.loc53,15,58.5,0.785206181184947
c15.loc54,15,59.5,0.83813843579793
c15.loc55,15,60.5,0.883822064188109
c15.loc56,15,61.5,0.921010654534996
c15.loc57,15,62.5,0.948822679436319
D15Mit79,15,63.400000001,0.96541721018815
D16Mit32,16,0,0.027147405646474
c16.loc1,16,1,0.02038066465866
c16.loc2,16,2,0.0142286886238594
c16.loc3,16,3,0.0088957203594191
c16.loc4,16,4,0.00460711765310862
c16.loc5,16,5,0.00160124410643903
c16.loc6,16,6,0.00011449580495082
c16.loc7,16,7,0.000369278838263654
c16.loc8,16,8,0.00258472856734215
c16.loc9,16,9,0.00693354047740513
c16.loc10,16,10,0.0134901682205282
c16.loc11,16,11,0.0222433785298222
c16.loc12,16,12,0.0331207496724346
c16.loc13,16,13,0.0459750366608773
c16.loc14,16,14,0.0604999863809894
c16.loc15,16,15,0.0764001940598291
c16.loc16,16,16,0.0933243421141015
c16.loc17,16,17,0.110911597702909
c16.loc18,16,18,0.128814292168727
c16.loc19,16,19,0.146699029541139
c16.loc20,16,20,0.164330747678093
c16.loc21,16,21,0.18145846069342
c16.loc22,16,22,0.197905160331857
c16.loc23,16,23,0.213541398958967
c16.loc24,16,24,0.228277186373475
c16.loc25,16,25,0.242071331744114
D16Mit4,16,25.1000000001,0.24339752856298
c16.loc26,16,26,0.24319397039983
c16.loc27,16,27,0.242749101524566
c16.loc28,16,28,0.242069727784326
c16.loc29,16,29,0.241152952898915
c16.loc30,16,30,0.239997547008613
c16.loc31,16,31,0.238604005347611
D16Mit171,16,31.7000000002,0.237487975020031
c16.loc32,16,32,0.226377968619374
D16Mit5,16,32.8000000003,0.191083502389461
c16.loc33,16,33,0.193566529773136
c16.loc34,16,34,0.206170668094899
c16.loc35,16,35,0.219032572931383
c16.loc36,16,36,0.232034318658805
c16.loc37,16,37,0.245067412653952
c16.loc38,16,38,0.258008945844722
c16.loc39,16,39,0.270731086171907
c16.loc40,16,40,0.283105058213437
c16.loc41,16,41,0.295005279445888
c16.loc42,16,42,0.306313394150379
c16.loc43,16,43,0.316921970702424
c16.loc44,16,44,0.326737670229022
c16.loc45,16,45,0.335683744980713
c16.loc46,16,46,0.34370177592541
c16.loc47,16,47,0.350752607112383
c16.loc48,16,48,0.356816478061603
c16.loc49,16,49,0.361892395597181
c16.loc50,16,50,0.365996824093145
c16.loc51,16,51,0.369161807592207
D16Mit70,16,51.4000000004,0.370174519711782
D16Mit106,16,51.4000000005,0.370174519545401
D17Mit164,17,1.1,0.151162082424207
D17Mit143,17,1.1000000001,0.151162082558585
D17Mit57,17,1.1000000002,0.151162081102939
c17.loc1,17,2.1,0.108118970953569
D17Mit113,17,2.2000000003,0.103030270967054
c17.loc2,17,3.1,0.187405194056112
D17Mit131,17,3.3000000004,0.207139463642363
D17Mit46,17,3.3000000005,0.207139464324428
c17.loc3,17,4.1,0.126162790692604
c17.loc4,17,5.1,0.0475957760469896
D17Mit45,17,5.5000000006,0.026457835598535
c17.loc5,17,6.1,0.0260182244162479
D17Mit23,17,6.6000000007,0.0256552695212804
c17.loc6,17,7.1,0.0160939997484775
c17.loc7,17,8.1,0.00336587334982141
c17.loc8,17,9.1,0.000143268570468535
c17.loc9,17,10.1,0.00651766156522626
D17Mit11,17,10.9000000008,0.0178015780011833
c17.loc10,17,11.1,0.0166281008508804
c17.loc11,17,12.1,0.0112834597015876
c17.loc12,17,13.1,0.00688082445060445
c17.loc13,17,14.1,0.00350736766807813
c17.loc14,17,15.1,0.00123511685876565
c17.loc15,17,16.1,0.000117235145012273
c17.loc16,17,17.1,0.00018516579172001
c17.loc17,17,18.1,0.00144694024612591
c17.loc18,17,19.1,0.00388680989681234
D17Mit10,17,19.7000000009,0.00590106771204546
c17.loc19,17,20.1,0.00501397655483515
c17.loc20,17,21.1,0.00305035515418695
c17.loc21,17,22.1,0.00151346579411893
c17.loc22,17,23.1,0.000480248972962727
c17.loc23,17,24.1,0.0000191588752045391
c17.loc24,17,25.1,0.000184197326746016
c17.loc25,17,26.1,0.00100974407973808
c17.loc26,17,27.1,0.00251313056986646
c17.loc27,17,28.1,0.00467295510520671
c17.loc28,17,29.1,0.00745086412865703
c17.loc29,17,30.1,0.0107832244197539
c17.loc30,17,31.1,0.0145885165876507
c17.loc31,17,32.1,0.0187737475620224
c17.loc32,17,33.1,0.0232412175545846
D17Mit53,17,33.900000001,0.0269535682372748
c17.loc33,17,34.1,0.0278843894966485
c17.loc34,17,35.1,0.0328359537053871
c17.loc35,17,36.1,0.0382740158275396
c17.loc36,17,37.1,0.0441772854606484
c17.loc37,17,38.1,0.0504976713723408
c17.loc38,17,39.1,0.0571764014656537
c17.loc39,17,40.1,0.0641363054784847
c17.loc40,17,41.1,0.0712865618608021
c17.loc41,17,42.1,0.0785268395933372
c17.loc42,17,43.1,0.085752348844494
c17.loc43,17,44.1,0.0928592521941596
c17.loc44,17,45.1,0.0997498549452303
c17.loc45,17,46.1,0.106337059538191
c17.loc46,17,47.1,0.112547710550018
c17.loc47,17,48.1,0.118324637218507
c17.loc48,17,49.1,0.12362738347764
c17.loc49,17,50.1,0.128431771287637
D17Mit221,17,50.3000000011,0.129331789779599
D18Mit67,18,2.2,0.12428950727093
c18.loc1,18,3.2,0.156033297841475
c18.loc2,18,4.2,0.192084422408641
c18.loc3,18,5.2,0.231566715735084
c18.loc4,18,6.2,0.273074114958092
c18.loc5,18,7.2,0.314720250397613
c18.loc6,18,8.2,0.35447727201381
c18.loc7,18,9.2,0.390464541885706
c18.loc8,18,10.2,0.421228425933123
c18.loc9,18,11.2,0.445894489130467
c18.loc10,18,12.2,0.464184442888438
c18.loc11,18,13.2,0.476352540067012
c18.loc12,18,14.2,0.483007344861562
D18Mit17,18,14.2000000001,0.483007344862244
c18.loc13,18,15.2,0.447563105645315
c18.loc14,18,16.2,0.406344329141348
c18.loc15,18,17.2,0.360027399343835
c18.loc16,18,18.2,0.3099055931728
c18.loc17,18,19.2,0.25782579889318
c18.loc18,18,20.2,0.206099394674482
c18.loc19,18,21.2,0.157249289954677
c18.loc20,18,22.2,0.113518720280297
c18.loc21,18,23.2,0.0765806482886546
c18.loc22,18,24.2,0.0472998208030617
c18.loc23,18,25.2,0.0257499924245508
c18.loc24,18,26.2,0.0113542974131065
D18Mit50,18,26.2000000002,0.0113542974112306
c18.loc25,18,27.2,0.00652503408849725
c18.loc26,18,28.2,0.0028736626504724
c18.loc27,18,29.2,0.000635740152176822
c18.loc28,18,30.2,0.0000146152328852622
c18.loc29,18,31.2,0.00110659200379359
c18.loc30,18,32.2,0.00396765524158127
c18.loc31,18,33.2,0.00849492261164642
c18.loc32,18,34.2,0.0145294553627195
c18.loc33,18,35.2,0.0218370256091589
c18.loc34,18,36.2,0.0301120976894254
c18.loc35,18,37.2,0.0390569595846841
D18Mit4,18,37.2000000003,0.0390569595876968
D19Mit59,19,0,0.787060347148838
c19.loc1,19,1,0.760788548134315
c19.loc2,19,2,0.732142384291706
c19.loc3,19,3,0.701189809948005
c19.loc4,19,4,0.668052507756897
c19.loc5,19,5,0.632915211825207
c19.loc6,19,6,0.596012264391732
c19.loc7,19,7,0.55765078288772
c19.loc8,19,8,0.518194708066972
c19.loc9,19,9,0.478061129681919
c19.loc10,19,10,0.437701955878651
c19.loc11,19,11,0.39761542894621
c19.loc12,19,12,0.358280893849269
c19.loc13,19,13,0.32016556033949
c19.loc14,19,14,0.283693531133565
c19.loc15,19,15,0.249225473152649
c19.loc16,19,16,0.217041136808518
c19.loc17,19,17,0.187345456171727
D19Mit40,19,17.5000000001,0.17346683553825
c19.loc18,19,18,0.181104170258095
c19.loc19,19,19,0.196719647655016
c19.loc20,19,20,0.212601540561366
c19.loc21,19,21,0.228470728682169
c19.loc22,19,22,0.244028617888262
c19.loc23,19,23,0.258958396836476
c19.loc24,19,24,0.272947405671516
c19.loc25,19,25,0.285706974480377
c19.loc26,19,26,0.296990523890656
c19.loc27,19,27,0.306607927526102
c19.loc28,19,28,0.314434800708455
c19.loc29,19,29,0.320416120816276
c19.loc30,19,30,0.324564278522018
c19.loc31,19,31,0.326952252769217
c19.loc32,19,32,0.327700274827066
D19Mit53,19,32.8000000002,0.32723072028466
c19.loc33,19,33,0.329512674798195
c19.loc34,19,34,0.34086346186092
c19.loc35,19,35,0.352036811577591
c19.loc36,19,36,0.362896079185248
c19.loc37,19,37,0.373310944810441
c19.loc38,19,38,0.383143614155358
c19.loc39,19,39,0.392256949189516
c19.loc40,19,40,0.400529729241782
c19.loc41,19,41,0.407822254941664
c19.loc42,19,42,0.41403437337641
c19.loc43,19,43,0.419076855378592
c19.loc44,19,44,0.422882128791002
c19.loc45,19,45,0.425406610597179
c19.loc46,19,46,0.426632025690878
c19.loc47,19,47,0.426565672691993
c19.loc48,19,48,0.425239652227503
c19.loc49,19,49,0.42270912262876
c19.loc50,19,50,0.419043259675789
c19.loc51,19,51,0.414350106233599
c19.loc52,19,52,0.408726230356194
c19.loc53,19,53,0.40228693063699
c19.loc54,19,54,0.395152678088039
c19.loc55,19,55,0.387442298599922
D19Mit137,19,55.7000000003,0.381771347553581
DXMit55,X,1.1,0.002070263499661
cX.loc1,X,2.1,0.00607617758282686
cX.loc2,X,3.1,0.0124030933675954
cX.loc3,X,4.1,0.0212311098945861
cX.loc4,X,5.1,0.0326830291473925
cX.loc5,X,6.1,0.0468454571682742
cX.loc6,X,7.1,0.0637427667300017
cX.loc7,X,8.1,0.083345162839862
cX.loc8,X,9.1,0.10552296832725
cX.loc9,X,10.1,0.130103655947778
cX.loc10,X,11.1,0.156845669537518
cX.loc11,X,12.1,0.185456712353243
cX.loc12,X,13.1,0.21560772685757
cX.loc13,X,14.1,0.246948257457859
cX.loc14,X,15.1,0.279121561819068
cX.loc15,X,16.1,0.311778147577513
cX.loc16,X,17.1,0.344586880554743
cX.loc17,X,18.1,0.377243297311395
cX.loc18,X,19.1,0.409475156602923
cX.loc19,X,20.1,0.441042373603068
DXMit22,X,20.8000000001,0.462640613049302
cX.loc20,X,21.1,0.48252682018159
cX.loc21,X,22.1,0.549487478364142
cX.loc22,X,23.1,0.614074139642071
cX.loc23,X,24.1,0.671321837583093
cX.loc24,X,25.1,0.716466230303183
cX.loc25,X,26.1,0.745770275068878
cX.loc26,X,27.1,0.757110648308526
cX.loc27,X,28.1,0.750334765568141
cX.loc28,X,29.1,0.727422215955073
DXMit16,X,29.5000000002,0.714562619235494
cX.loc29,X,30.1,0.743276232091205
cX.loc30,X,31.1,0.790284849079853
cX.loc31,X,32.1,0.835108709871804
cX.loc32,X,33.1,0.876435190572408
cX.loc33,X,34.1,0.913055771146844
cX.loc34,X,35.1,0.94394607466154
cX.loc35,X,36.1,0.968325656471563
cX.loc36,X,37.1,0.985685729457941
cX.loc37,X,38.1,0.995794517697391
cX.loc38,X,39.1,0.998688387983009
cX.loc39,X,40.1,0.994653720508438
cX.loc40,X,41.1,0.984200703419049
cX.loc41,X,42.1,0.96802571912059
cX.loc42,X,43.1,0.946975444282543
DXMit130,X,43.7000000003,0.932386945492397
